{
  "weights": [
    [
      -0.17330338021095099,
      -0.17765972769770744,
      0.05952927583229145,
      -0.25698948226449875,
      -0.05242587428084558
    ],
    [
      -0.2363070248754792,
      -0.20040164927905876,
      0.02569183935863198,
      -0.2824647821219226,
      -0.007074814910282348
    ],
    [
      0.3917663908626068,
      0.31449596357261295,
      0.007726050041398397,
      0.5399047107443682,
      -0.05586961927135481
    ]
  ],
  "bias": [
    -0.514447131797996,
    -0.5285617395817533,
    0.857646277077065
  ]
}