{
  "weights": [
    [
      -0.25569423398993346,
      -0.403601202586874,
      1.166448884824887,
      -0.12738961923199485,
      -0.0737933334902336
    ],
    [
      -0.853491067441095,
      0.950702161385404,
      -0.3677633148365942,
      -0.3086877863165146,
      -0.09587577012255029
    ],
    [
      0.9250851636733775,
      -0.5002313126145363,
      -0.756196258951651,
      0.3062288614727888,
      -0.0903950280991273
    ]
  ],
  "bias": [
    0.027970224484070987,
    0.006112114448740404,
    -0.16247269177503104
  ]
}